id,name,read,pattern,sequence,feature_type
0005,CD80,R2,5PNNNNNNNNNN(BC),ACGAATCAATCTGTG,Antibody Capture
0006,CD86,R2,5PNNNNNNNNNN(BC),GTCTTTGTCAGTGCA,Antibody Capture
0007,CD274,R2,5PNNNNNNNNNN(BC),GTTGTCCGACAATAC,Antibody Capture
0008,CD273,R2,5PNNNNNNNNNN(BC),TCAACGCTTGGCTAG,Antibody Capture
0009,CD275,R2,5PNNNNNNNNNN(BC),GTGCATTCAACAGTA,Antibody Capture
0010,CD276,R2,5PNNNNNNNNNN(BC),GACTGGGAGGGTATT,Antibody Capture
0014,CD11b,R2,5PNNNNNNNNNN(BC),TGAAGGCTCATTTGT,Antibody Capture
0020,CD270,R2,5PNNNNNNNNNN(BC),TGATAGAAACAGACC,Antibody Capture
0022,CD137L,R2,5PNNNNNNNNNN(BC),ATTCGCCTTACGCAA,Antibody Capture
0023,CD155,R2,5PNNNNNNNNNN(BC),ATCACATCGTTGCCA,Antibody Capture
0024,CD112,R2,5PNNNNNNNNNN(BC),AACCTTCCGTCTAAG,Antibody Capture
0026,CD47,R2,5PNNNNNNNNNN(BC),GCATTCTGTCACCTA,Antibody Capture
0027,CD70,R2,5PNNNNNNNNNN(BC),CGCGAACATAAGAAG,Antibody Capture
0028,CD30,R2,5PNNNNNNNNNN(BC),TCAGGGTGTGCTGTA,Antibody Capture
0029,CD48,R2,5PNNNNNNNNNN(BC),CTACGACGTAGAAGA,Antibody Capture
0031,CD40,R2,5PNNNNNNNNNN(BC),CTCAGATGGAGTATG,Antibody Capture
0032,CD154,R2,5PNNNNNNNNNN(BC),GCTAGATAGATGCAA,Antibody Capture
0033,CD52,R2,5PNNNNNNNNNN(BC),CTTTGTACGAGCAAA,Antibody Capture
0034,CD3,R2,5PNNNNNNNNNN(BC),CTCATTGTAACTCCT,Antibody Capture
0045,CD4,R2,5PNNNNNNNNNN(BC),GAGGTTAGTGATGGA,Antibody Capture
0046,CD8,R2,5PNNNNNNNNNN(BC),GCGCAACTTGATGAT,Antibody Capture
0047,CD56_(NCAM),R2,5PNNNNNNNNNN(BC),TCCTTTCCTGATAGG,Antibody Capture
0049,CD3,R2,5PNNNNNNNNNN(BC),TATCCCTTGGGATGG,Antibody Capture
0050,CD19,R2,5PNNNNNNNNNN(BC),CTGGGCAATTACTCG,Antibody Capture
0051,CD14,R2,5PNNNNNNNNNN(BC),CAATCAGACCTATGA,Antibody Capture
0052,CD33,R2,5PNNNNNNNNNN(BC),TAACTCAGGGCCTAT,Antibody Capture
0053,CD11c,R2,5PNNNNNNNNNN(BC),TACGCCTATAACTTG,Antibody Capture
0054,CD34,R2,5PNNNNNNNNNN(BC),GCAGAAATCTCCCTT,Antibody Capture
0055,CD138,R2,5PNNNNNNNNNN(BC),ACTCTTTCGTTTACG,Antibody Capture
0056,CD269,R2,5PNNNNNNNNNN(BC),CAGATGATCCACCAT,Antibody Capture
0058,HLA-A_B_C,R2,5PNNNNNNNNNN(BC),TATGCGAGGCTTATC,Antibody Capture
0060,CD90,R2,5PNNNNNNNNNN(BC),GCATTGTACGATTCA,Antibody Capture
0061,CD117,R2,5PNNNNNNNNNN(BC),AGACTAATAGCTGAC,Antibody Capture
0062,CD10,R2,5PNNNNNNNNNN(BC),CAGCCATTCATTAGG,Antibody Capture
0063,CD45RA,R2,5PNNNNNNNNNN(BC),TCAATCCTTCCGCTT,Antibody Capture
0064,CD123,R2,5PNNNNNNNNNN(BC),CTTCACTCTGTCAGG,Antibody Capture
0066,CD7,R2,5PNNNNNNNNNN(BC),TGGATTCCCGGACTT,Antibody Capture
0068,CD105,R2,5PNNNNNNNNNN(BC),ATCGTCGAGAGCTAG,Antibody Capture
0069,CD201,R2,5PNNNNNNNNNN(BC),GTTTCCTTGACCAAG,Antibody Capture
0070,CD49f,R2,5PNNNNNNNNNN(BC),TTCCGAGGATGATCT,Antibody Capture
0071,CD194,R2,5PNNNNNNNNNN(BC),AGCTTACCTGCACGA,Antibody Capture
0072,CD4,R2,5PNNNNNNNNNN(BC),TGTTCCCGCTCAACT,Antibody Capture
0073,CD44,R2,5PNNNNNNNNNN(BC),TGGCTTCAGGTCCTA,Antibody Capture
0076,CD15,R2,5PNNNNNNNNNN(BC),GCTAGTTTGTGCTGC,Antibody Capture
0080,CD8a,R2,5PNNNNNNNNNN(BC),GCTGCGCTTTCCATT,Antibody Capture
0081,CD14,R2,5PNNNNNNNNNN(BC),TCTCAGACCTCCGTA,Antibody Capture
0083,CD16,R2,5PNNNNNNNNNN(BC),AAGTTCACTCTTTGC,Antibody Capture
0084,CD56,R2,5PNNNNNNNNNN(BC),TTCGCCGCATTGAGT,Antibody Capture
0085,CD25,R2,5PNNNNNNNNNN(BC),TTTGTCCTGTACGCC,Antibody Capture
0087,CD45RO,R2,5PNNNNNNNNNN(BC),CTCCGAATCATGTTG,Antibody Capture
0088,CD279,R2,5PNNNNNNNNNN(BC),ACAGCGCCGTATTTA,Antibody Capture
0089,TIGIT_(VSTM3),R2,5PNNNNNNNNNN(BC),TTGCTTACCGCCAGA,Antibody Capture
0090,IgG1_k,R2,5PNNNNNNNNNN(BC),GCCGGACGACATTAA,Antibody Capture
0091,IgG2a_k,R2,5PNNNNNNNNNN(BC),CTCCTACCTAAACTG,Antibody Capture
0092,IgG2b_k_Isotype_Ctrl,R2,5PNNNNNNNNNN(BC),ATATGTATCACGCGA,Antibody Capture
0095,IgG2b_k,R2,5PNNNNNNNNNN(BC),GATTCTTGACGACCT,Antibody Capture
0100,CD20,R2,5PNNNNNNNNNN(BC),TTCTGGGTCCCTAGA,Antibody Capture
0101,CD335,R2,5PNNNNNNNNNN(BC),ACAATTTGAACAGCG,Antibody Capture
0102,CD294,R2,5PNNNNNNNNNN(BC),TGTTTACGAGAGCCC,Antibody Capture
0103,CD45R/B220,R2,5PNNNNNNNNNN(BC),CCTACACCTCATAAT,Antibody Capture
0123,CD326,R2,5PNNNNNNNNNN(BC),TTCCGAGCAAGTATC,Antibody Capture
0124,CD31,R2,5PNNNNNNNNNN(BC),ACCTTTATGCCACGG,Antibody Capture
0125,CD44,R2,5PNNNNNNNNNN(BC),AATCCTTCCGAATGT,Antibody Capture
0126,CD133,R2,5PNNNNNNNNNN(BC),TGGTAACGACAGTCC,Antibody Capture
0127,Podoplanin,R2,5PNNNNNNNNNN(BC),GGTTACTCGTTGTGT,Antibody Capture
0128,CD140a,R2,5PNNNNNNNNNN(BC),ATGCGCCGAGAATTA,Antibody Capture
0129,CD140b,R2,5PNNNNNNNNNN(BC),CAATGGTTCACTGCC,Antibody Capture
0131,Cadherin_11,R2,5PNNNNNNNNNN(BC),CGTTGCCATTAACCA,Antibody Capture
0132,EGFR,R2,5PNNNNNNNNNN(BC),GCTTAACATTGGCAC,Antibody Capture
0133,CD340,R2,5PNNNNNNNNNN(BC),CTGTAGCCGCCTATT,Antibody Capture
0134,CD146,R2,5PNNNNNNNNNN(BC),CCTTGGATAACATCA,Antibody Capture
0135,CD324,R2,5PNNNNNNNNNN(BC),ATCCTTCTCCCTTTC,Antibody Capture
0136,IgM,R2,5PNNNNNNNNNN(BC),TAGCGAGCCCGTATA,Antibody Capture
0138,CD5,R2,5PNNNNNNNNNN(BC),CATTAACGGGATGCC,Antibody Capture
0139,TCR_g/d,R2,5PNNNNNNNNNN(BC),CTTCCGATTCATTCA,Antibody Capture
0140,CD183,R2,5PNNNNNNNNNN(BC),GCGATGGTAGATTAT,Antibody Capture
0141,CD195,R2,5PNNNNNNNNNN(BC),CCAAAGTAAGAGCCA,Antibody Capture
0142,CD32,R2,5PNNNNNNNNNN(BC),GCTTCCGAATTACCG,Antibody Capture
0143,CD196,R2,5PNNNNNNNNNN(BC),GATCCCTTTGTCACT,Antibody Capture
0144,CD185,R2,5PNNNNNNNNNN(BC),AATTCAACCGTCGCC,Antibody Capture
0145,CD103,R2,5PNNNNNNNNNN(BC),GACCTCATTGTGAAT,Antibody Capture
0146,CD69,R2,5PNNNNNNNNNN(BC),GTCTCTTGGCTTAAA,Antibody Capture
0147,CD62L,R2,5PNNNNNNNNNN(BC),GTCCCTGCAACTTGA,Antibody Capture
0148,CD197,R2,5PNNNNNNNNNN(BC),AGTTCAGTCAACCGA,Antibody Capture
0149,CD161,R2,5PNNNNNNNNNN(BC),GTACGCAGTCCTTCT,Antibody Capture
0151,CD152,R2,5PNNNNNNNNNN(BC),ATGGTTCACGTAATC,Antibody Capture
0152,CD223_(LAG-3),R2,5PNNNNNNNNNN(BC),CATTTGTCTGCCGGT,Antibody Capture
0153,KLRG1,R2,5PNNNNNNNNNN(BC),CTTATTTCCTGCCCT,Antibody Capture
0154,CD27,R2,5PNNNNNNNNNN(BC),GCACTCCTGCATGTA,Antibody Capture
0155,CD107a,R2,5PNNNNNNNNNN(BC),CAGCCCACTGCAATA,Antibody Capture
0156,CD95,R2,5PNNNNNNNNNN(BC),CCAGCTCATTAGAGC,Antibody Capture
0158,CD134,R2,5PNNNNNNNNNN(BC),AACCCACCGTTGTTA,Antibody Capture
0159,HLA-DR,R2,5PNNNNNNNNNN(BC),AATAGCGAGCAAGTA,Antibody Capture
0160,CD1c,R2,5PNNNNNNNNNN(BC),GAGCTACTTCACTCG,Antibody Capture
0161,CD11b,R2,5PNNNNNNNNNN(BC),GACAAGTGATCTGCA,Antibody Capture
0162,CD64,R2,5PNNNNNNNNNN(BC),AAGTATGCCCTACGA,Antibody Capture
0163,CD141,R2,5PNNNNNNNNNN(BC),GGATAACCGCGCTTT,Antibody Capture
0164,CD1d,R2,5PNNNNNNNNNN(BC),TCGAGTCGCTTATCA,Antibody Capture
0165,CD314,R2,5PNNNNNNNNNN(BC),CGTGTTTGTTCCTCA,Antibody Capture
0166,CD66b,R2,5PNNNNNNNNNN(BC),AGCTGTAAGTTTCGG,Antibody Capture
0167,CD35,R2,5PNNNNNNNNNN(BC),ACTTCCGTCGATCTT,Antibody Capture
0168,CD57,R2,5PNNNNNNNNNN(BC),AACTCCCTATGGAGG,Antibody Capture
0169,CD366,R2,5PNNNNNNNNNN(BC),TGTCCTACCCAACTT,Antibody Capture
0170,CD272,R2,5PNNNNNNNNNN(BC),GTTATTGGACTAAGG,Antibody Capture
0171,CD278,R2,5PNNNNNNNNNN(BC),CGCGCACCCATTAAA,Antibody Capture
0174,CD58,R2,5PNNNNNNNNNN(BC),GTTCCTATGGACGAC,Antibody Capture
0175,CD96,R2,5PNNNNNNNNNN(BC),TGGCCTATAAATGGT,Antibody Capture
0176,CD39,R2,5PNNNNNNNNNN(BC),TTACCTGGTATCCGT,Antibody Capture
0177,CD178,R2,5PNNNNNNNNNN(BC),CCGGTCCTCTGTATT,Antibody Capture
0179,CX3CR1,R2,5PNNNNNNNNNN(BC),AGTATCGTCTCTGGG,Antibody Capture
0180,CD24,R2,5PNNNNNNNNNN(BC),AGATTCCTTCGTGTT,Antibody Capture
0181,CD21,R2,5PNNNNNNNNNN(BC),AACCTAGTAGTTCGG,Antibody Capture
0185,CD11a,R2,5PNNNNNNNNNN(BC),TATATCCTTGTGAGC,Antibody Capture
0187,CD79b,R2,5PNNNNNNNNNN(BC),ATTCTTCAACCGAAG,Antibody Capture
0188,CD66a/c/e,R2,5PNNNNNNNNNN(BC),GGGACAGTTCGTTTC,Antibody Capture
0189,CD244,R2,5PNNNNNNNNNN(BC),TCGCTTGGATGGTAG,Antibody Capture
0191,CD27,R2,5PNNNNNNNNNN(BC),CAAGGTATGTCACTG,Antibody Capture
0196,CD235ab,R2,5PNNNNNNNNNN(BC),GCTCCTTTACACGTA,Antibody Capture
0199,Siglec-8,R2,5PNNNNNNNNNN(BC),CTTCTCCTCAGCAAT,Antibody Capture
0205,CD206,R2,5PNNNNNNNNNN(BC),TCAGAACGTCTAACT,Antibody Capture
0206,CD169,R2,5PNNNNNNNNNN(BC),TACTCAGCGTGTTTG,Antibody Capture
0207,CD370,R2,5PNNNNNNNNNN(BC),CTGCATTTCAGTAAG,Antibody Capture
0208,XCR1,R2,5PNNNNNNNNNN(BC),AAGACGCATGTCAAC,Antibody Capture
0213,Notch_1,R2,5PNNNNNNNNNN(BC),AATCTGTAGTGCGTT,Antibody Capture
0214,Integrin_b7,R2,5PNNNNNNNNNN(BC),TCCTTGGATGTACCG,Antibody Capture
0215,CD268,R2,5PNNNNNNNNNN(BC),CGAAGTCGATCCGTA,Antibody Capture
0216,CD42b,R2,5PNNNNNNNNNN(BC),TCCTAGTACCGAAGT,Antibody Capture
0217,CD54,R2,5PNNNNNNNNNN(BC),CTGATAGACTTGAGT,Antibody Capture
0218,CD62P,R2,5PNNNNNNNNNN(BC),CCTTCCGTATCCCTT,Antibody Capture
0219,CD119,R2,5PNNNNNNNNNN(BC),TGTGTATTCCCTTGT,Antibody Capture
0224,TCR_a/b,R2,5PNNNNNNNNNN(BC),CGTAACGTAGAGCGA,Antibody Capture
0233,Notch3,R2,5PNNNNNNNNNN(BC),CTATTGGACGTATCT,Antibody Capture
0236,IgG1_k_Isotype_Ctrl,R2,5PNNNNNNNNNN(BC),ATCAGATGCCCTCAT,Antibody Capture
0237,IgG1_l_Isotype_Ctrl,R2,5PNNNNNNNNNN(BC),GGGAGCGATTCAACT,Antibody Capture
0238,IgG2a_k_Isotype_Ctrl,R2,5PNNNNNNNNNN(BC),AAGTCAGGTTCGTTT,Antibody Capture
0240,Rat_IgG2c_k,R2,5PNNNNNNNNNN(BC),TCCAGGCTAGTCATT,Antibody Capture
0241,IgG_Isotype_Ctrl,R2,5PNNNNNNNNNN(BC),CCTGTCATTAAGACT,Antibody Capture
0242,CD192,R2,5PNNNNNNNNNN(BC),GAGTTCCCTTACCTG,Antibody Capture
0245,CD106,R2,5PNNNNNNNNNN(BC),TCACAGTTCCTTGGA,Antibody Capture
0246,CD122,R2,5PNNNNNNNNNN(BC),TCATTTCCTCCGATT,Antibody Capture
0247,CD267,R2,5PNNNNNNNNNN(BC),AGTGATGGAGCGAAC,Antibody Capture
0248,CD62E,R2,5PNNNNNNNNNN(BC),CTCCCTGTGGCTTAA,Antibody Capture
0250,KLRG1,R2,5PNNNNNNNNNN(BC),GTAGTAGGCTAGACC,Antibody Capture
0351,CD135,R2,5PNNNNNNNNNN(BC),CAGTAGATGGAGCAT,Antibody Capture
0352,Fc?RIa,R2,5PNNNNNNNNNN(BC),CTCGTTTCCGTATCG,Antibody Capture
0353,CD41,R2,5PNNNNNNNNNN(BC),ACGTTGTGGCCTTGT,Antibody Capture
0355,CD137,R2,5PNNNNNNNNNN(BC),CAGTAAGTTCGGGAC,Antibody Capture
0356,CD254,R2,5PNNNNNNNNNN(BC),TCCGTGTTAGTTTGT,Antibody Capture
0358,CD163,R2,5PNNNNNNNNNN(BC),GCTTCTCCTTCCTTA,Antibody Capture
0359,CD83,R2,5PNNNNNNNNNN(BC),CCACTCATTTCCGGT,Antibody Capture
0360,CD357_(GITR),R2,5PNNNNNNNNNN(BC),ACCTTTCGACACTCG,Antibody Capture
0361,CD59,R2,5PNNNNNNNNNN(BC),AATTAGCCGTCGAGA,Antibody Capture
0362,CD309,R2,5PNNNNNNNNNN(BC),TTCACGCAGTAAGAT,Antibody Capture
0363,CD124,R2,5PNNNNNNNNNN(BC),CCGTCCTGATAGATG,Antibody Capture
0364,CD13,R2,5PNNNNNNNNNN(BC),TTTCAACGCCCTTTC,Antibody Capture
0366,CD184,R2,5PNNNNNNNNNN(BC),TCAGGTCCTTTCAAC,Antibody Capture
0367,CD2,R2,5PNNNNNNNNNN(BC),TACGATTTGTCAGGG,Antibody Capture
0368,CD226,R2,5PNNNNNNNNNN(BC),TCTCAGTGTTTGTGG,Antibody Capture
0369,CD29,R2,5PNNNNNNNNNN(BC),GTATTCCCTCAGTCA,Antibody Capture
0370,CD303,R2,5PNNNNNNNNNN(BC),GAGATGTCCGAATTT,Antibody Capture
0371,CD49b,R2,5PNNNNNNNNNN(BC),GCTTTCTTCAGTATG,Antibody Capture
0372,CD61,R2,5PNNNNNNNNNN(BC),AGGTTGGAGTAGACT,Antibody Capture
0373,CD81,R2,5PNNNNNNNNNN(BC),GTATCCTTCCTTGGC,Antibody Capture
0374,CD98,R2,5PNNNNNNNNNN(BC),GCACCAACAGCCATT,Antibody Capture
0375,IgG_Fc,R2,5PNNNNNNNNNN(BC),CTGGAGCGATTAGAA,Antibody Capture
0383,CD55,R2,5PNNNNNNNNNN(BC),GCTCATTACCCATTA,Antibody Capture
0384,IgD,R2,5PNNNNNNNNNN(BC),CAGTCTCCGTAGAGT,Antibody Capture
0385,CD18,R2,5PNNNNNNNNNN(BC),TATTGGGACACTTCT,Antibody Capture
0386,CD28,R2,5PNNNNNNNNNN(BC),TGAGAACGACCCTAA,Antibody Capture
0387,TSLPR,R2,5PNNNNNNNNNN(BC),CAGTCCTCTCTGTCA,Antibody Capture
0389,CD38,R2,5PNNNNNNNNNN(BC),TGTACCCGCTTGTGA,Antibody Capture
0390,CD127,R2,5PNNNNNNNNNN(BC),GTGTGTTGTCCTATG,Antibody Capture
0392,CD15,R2,5PNNNNNNNNNN(BC),TCACCAGTACCTAGT,Antibody Capture
0393,CD22,R2,5PNNNNNNNNNN(BC),GGGTTGTTGTCTTTG,Antibody Capture
0394,CD71,R2,5PNNNNNNNNNN(BC),CCGTGTTCCTCATTA,Antibody Capture
0395,B7-H4,R2,5PNNNNNNNNNN(BC),TGTATGTCTGCCTTG,Antibody Capture
0396,CD26,R2,5PNNNNNNNNNN(BC),GGTGGCTAGATAATG,Antibody Capture
0397,CD193,R2,5PNNNNNNNNNN(BC),ACCAATCCTTTCGTC,Antibody Capture
0398,CD115,R2,5PNNNNNNNNNN(BC),AATCACGGTCCTTGT,Antibody Capture
0399,CD204,R2,5PNNNNNNNNNN(BC),TAGCGAGCCAGATGT,Antibody Capture
0400,CD144,R2,5PNNNNNNNNNN(BC),TCCACTCATTCTGTA,Antibody Capture
0402,CD1a,R2,5PNNNNNNNNNN(BC),GATCGTGTTGTGTTA,Antibody Capture
0403,CD207,R2,5PNNNNNNNNNN(BC),CATTCTTCACGGGAT,Antibody Capture
0404,CD63,R2,5PNNNNNNNNNN(BC),GAGATGTCTGCAACT,Antibody Capture
0405,CD284,R2,5PNNNNNNNNNN(BC),GCTTAGCTGTATCCG,Antibody Capture
0406,CD304,R2,5PNNNNNNNNNN(BC),GGACTAAGTTTCGTT,Antibody Capture
0407,CD36,R2,5PNNNNNNNNNN(BC),TTCTTTGCCTTGCCA,Antibody Capture
0408,CD172a_(SIRPa),R2,5PNNNNNNNNNN(BC),CGTGTTTAACTTGAG,Antibody Capture
0409,CD85,R2,5PNNNNNNNNNN(BC),TGTCAGTTCCTATGA,Antibody Capture
0410,CD38,R2,5PNNNNNNNNNN(BC),CCTATTCCGATTCCG,Antibody Capture
0419,CD72,R2,5PNNNNNNNNNN(BC),CAGTCGTGGTAGATA,Antibody Capture
0420,CD158,R2,5PNNNNNNNNNN(BC),TATCAACCAACGCTT,Antibody Capture
0423,MERTK,R2,5PNNNNNNNNNN(BC),TCCTGCATGTACCCA,Antibody Capture
0427,Folate_Receptor_b_(FR-b),R2,5PNNNNNNNNNN(BC),TGTGGCTAGTCAGTT,Antibody Capture
0433,CD325,R2,5PNNNNNNNNNN(BC),CCTTCCCTTTCCTCT,Antibody Capture
0437,CD207,R2,5PNNNNNNNNNN(BC),CGATTTGTATTCCCT,Antibody Capture
0446,CD93,R2,5PNNNNNNNNNN(BC),GCGCTACTTCCTTGA,Antibody Capture
0447,CD200,R2,5PNNNNNNNNNN(BC),CACGTAGACCTTTGC,Antibody Capture
0569,CD338,R2,5PNNNNNNNNNN(BC),TAAGACTTGGCCGTC,Antibody Capture
0572,C5L2,R2,5PNNNNNNNNNN(BC),ACAATTTGTCTGCGA,Antibody Capture
0574,CD235a,R2,5PNNNNNNNNNN(BC),AGAGTATGTATGGGA,Antibody Capture
0575,CD49a,R2,5PNNNNNNNNNN(BC),ACTGATGGACTCAGA,Antibody Capture
0576,CD49d,R2,5PNNNNNNNNNN(BC),CCATTCAACTTCCGG,Antibody Capture
0577,CD73,R2,5PNNNNNNNNNN(BC),CAGTTCCTCAGTTCG,Antibody Capture
0579,CD9,R2,5PNNNNNNNNNN(BC),GAGTCACCAATCTGC,Antibody Capture
0581,TCR_Va7.2,R2,5PNNNNNNNNNN(BC),TACGAGCAGTATTCA,Antibody Capture
0582,TCR_Vd2,R2,5PNNNNNNNNNN(BC),TCAGTCAGATGGTAT,Antibody Capture
0583,TCR_Vg9,R2,5PNNNNNNNNNN(BC),AAGTGATGGTATCTG,Antibody Capture
0584,TCR_Va24-Ja18,R2,5PNNNNNNNNNN(BC),AACTTCTGTGGTAGC,Antibody Capture
0586,CD354,R2,5PNNNNNNNNNN(BC),TAGCCGTTTCCTTTG,Antibody Capture
0590,CD305,R2,5PNNNNNNNNNN(BC),ATTTCCATTCCCTGT,Antibody Capture
0591,LOX-1,R2,5PNNNNNNNNNN(BC),ACCCTTTACCGAATA,Antibody Capture
0592,CD158b,R2,5PNNNNNNNNNN(BC),GACCCGTAGTTTGAT,Antibody Capture
0593,CD203c,R2,5PNNNNNNNNNN(BC),TAACCGTACCTGCAT,Antibody Capture
0594,CD133,R2,5PNNNNNNNNNN(BC),GTAAGACGCCTATGC,Antibody Capture
0597,CD209,R2,5PNNNNNNNNNN(BC),TCACTGGACACTTAA,Antibody Capture
0599,CD158e1,R2,5PNNNNNNNNNN(BC),GGACGCTTTCCTTGA,Antibody Capture
0600,CD158f,R2,5PNNNNNNNNNN(BC),AAAGTGATGCCACTG,Antibody Capture
0801,CD337,R2,5PNNNNNNNNNN(BC),AAAGTCACTCTGCCG,Antibody Capture
0802,CD336,R2,5PNNNNNNNNNN(BC),GGGCAATTAGCGAGT,Antibody Capture
0804,CD186,R2,5PNNNNNNNNNN(BC),GACAGTCGATGCAAC,Antibody Capture
0805,CD226,R2,5PNNNNNNNNNN(BC),AGACCAACTCATTCA,Antibody Capture
0814,CD205,R2,5PNNNNNNNNNN(BC),CTATCGTTTGATGCA,Antibody Capture
0815,CCR10,R2,5PNNNNNNNNNN(BC),ATCTGTATGTCACAG,Antibody Capture
0816,CD271,R2,5PNNNNNNNNNN(BC),AACCGCGCTTCAGAT,Antibody Capture
0817,CD109,R2,5PNNNNNNNNNN(BC),CACTTAACTCTGGGT,Antibody Capture
0818,CD18,R2,5PNNNNNNNNNN(BC),GCGATTCATGTCACG,Antibody Capture
0819,CD126,R2,5PNNNNNNNNNN(BC),TGATGGGAGCTTATC,Antibody Capture
0820,CD130,R2,5PNNNNNNNNNN(BC),CACGAGAATTTCAGT,Antibody Capture
0821,CD164,R2,5PNNNNNNNNNN(BC),GAGGCACTTAACATA,Antibody Capture
0822,CD142,R2,5PNNNNNNNNNN(BC),CACTGCCGTCGATTA,Antibody Capture
0826,CD307c/FcRL3,R2,5PNNNNNNNNNN(BC),GCCTAGTTTGAACGC,Antibody Capture
0828,CD307d,R2,5PNNNNNNNNNN(BC),CGATTTGATCTGCCT,Antibody Capture
0829,CD307e,R2,5PNNNNNNNNNN(BC),TCACGCAGTCCTCAA,Antibody Capture
0830,CD319,R2,5PNNNNNNNNNN(BC),AGTATGCCATGTCTT,Antibody Capture
0831,CD138,R2,5PNNNNNNNNNN(BC),GTATAGACCAAAGCC,Antibody Capture
0843,CD199,R2,5PNNNNNNNNNN(BC),ATTCCTCATTCCTGA,Antibody Capture
0844,CD45RB,R2,5PNNNNNNNNNN(BC),AGATGGGACTCACCA,Antibody Capture
0845,CD99,R2,5PNNNNNNNNNN(BC),ACCCGTCCCTAAGAA,Antibody Capture
0853,CD371,R2,5PNNNNNNNNNN(BC),CATTAGAGTCTGCCA,Antibody Capture
0863,CD257,R2,5PNNNNNNNNNN(BC),CAGAGCACCCATTAA,Antibody Capture
0864,CD352,R2,5PNNNNNNNNNN(BC),AGTTTCCACTCAGGC,Antibody Capture
0865,VEGFR-3,R2,5PNNNNNNNNNN(BC),TGATCCGAAGTCGTG,Antibody Capture
0867,CD94,R2,5PNNNNNNNNNN(BC),CTTTCCGGTCCTACA,Antibody Capture
0869,CD365,R2,5PNNNNNNNNNN(BC),CTTCTGGGATTCTGG,Antibody Capture
0870,CD150,R2,5PNNNNNNNNNN(BC),GTCATTGTATGTCTG,Antibody Capture
0872,CD84,R2,5PNNNNNNNNNN(BC),CTCCCTAGTTCCTTT,Antibody Capture
0894,Ig_light_chain_k,R2,5PNNNNNNNNNN(BC),AGCTCAGCCAGTATG,Antibody Capture
0895,Mac-2,R2,5PNNNNNNNNNN(BC),GATGCAATTAGCCGG,Antibody Capture
0896,CD85j,R2,5PNNNNNNNNNN(BC),CCTTGTGAGGCTATG,Antibody Capture
0897,CD23,R2,5PNNNNNNNNNN(BC),TCTGTATAACCGTCT,Antibody Capture
0898,Ig_light_chain_l,R2,5PNNNNNNNNNN(BC),CAGCCAGTAAGTCAC,Antibody Capture
0899,HLA-A2,R2,5PNNNNNNNNNN(BC),GAACATTTCCGACAA,Antibody Capture
0900,CD198,R2,5PNNNNNNNNNN(BC),AGCCCGGATGTATTT,Antibody Capture
0901,GARP,R2,5PNNNNNNNNNN(BC),AGGTATGGTAGAGTA,Antibody Capture
0902,CD328,R2,5PNNNNNNNNNN(BC),CTTAGCATTTCACTG,Antibody Capture
0908,TCR_Vb13.1,R2,5PNNNNNNNNNN(BC),TTATGGACGTATGGT,Antibody Capture
0912,GPR56,R2,5PNNNNNNNNNN(BC),GCCTAGTTTCCGTTT,Antibody Capture
0918,HLA-E,R2,5PNNNNNNNNNN(BC),GAGTCGAGAAATCAT,Antibody Capture
0920,CD82,R2,5PNNNNNNNNNN(BC),TCCCACTTCCGCTTT,Antibody Capture
0935,CD74,R2,5PNNNNNNNNNN(BC),CTGTAGCATTTCCCT,Antibody Capture
0944,CD101,R2,5PNNNNNNNNNN(BC),CTACTTCCCTGTCAA,Antibody Capture
0985,CD360,R2,5PNNNNNNNNNN(BC),GAGGATGATGCCATG,Antibody Capture
1021,GPR56,R2,5PNNNNNNNNNN(BC),GTCATAAGAGCTTAC,Antibody Capture
1024,CD120b,R2,5PNNNNNNNNNN(BC),GCGCAACTCCTTGTA,Antibody Capture
1026,CD229,R2,5PNNNNNNNNNN(BC),ATAGAACCCAACTTC,Antibody Capture
1045,CD160,R2,5PNNNNNNNNNN(BC),GGCTAGAAATCAACG,Antibody Capture
1046,CD88,R2,5PNNNNNNNNNN(BC),GCCGCATGAGAAACA,Antibody Capture
1047,HLA-F,R2,5PNNNNNNNNNN(BC),GCAACTCTCCTACCT,Antibody Capture
1050,Siglec-10,R2,5PNNNNNNNNNN(BC),AAACCAAAGCACCTA,Antibody Capture
1051,Podocalyxin,R2,5PNNNNNNNNNN(BC),GAGCCGGTATAATGC,Antibody Capture
1052,CD224,R2,5PNNNNNNNNNN(BC),CTGATGAGATGTCAG,Antibody Capture
1053,MS4A4A,R2,5PNNNNNNNNNN(BC),CCCTAAACCGTCTCT,Antibody Capture
1056,CD258,R2,5PNNNNNNNNNN(BC),ACTTCCCTGTAGAAA,Antibody Capture
1057,DR3,R2,5PNNNNNNNNNN(BC),GAGTTCCCTCAGTTC,Antibody Capture
1060,CD105_(Endoglin),R2,5PNNNNNNNNNN(BC),AACAGACCTCTCAGA,Antibody Capture
1136,CD181,R2,5PNNNNNNNNNN(BC),CTACGCCTCCTTTCT,Antibody Capture
1137,CD147,R2,5PNNNNNNNNNN(BC),CTTACGATTAAGAGC,Antibody Capture
1138,CD209,R2,5PNNNNNNNNNN(BC),AGAACAGTCAGTCGC,Antibody Capture
1176,CCRL2,R2,5PNNNNNNNNNN(BC),CTTTCGTTGCCTTGG,Antibody Capture
1177,CLEC5A,R2,5PNNNNNNNNNN(BC),TCTTGGATTCAGAGC,Antibody Capture
0251,Hashtag1,R2,5PNNNNNNNNNN(BC),GTCAACTCTTTAGCG,Antibody Capture
0252,Hashtag2,R2,5PNNNNNNNNNN(BC),TGATGGCCTATTGGG,Antibody Capture
0253,Hashtag3,R2,5PNNNNNNNNNN(BC),TTCCGCCTCTCTTTG,Antibody Capture
0254,Hashtag4,R2,5PNNNNNNNNNN(BC),AGTAAGTTCAGCGTA,Antibody Capture
0255,Hashtag5,R2,5PNNNNNNNNNN(BC),AAGTATCGTTTCGCA,Antibody Capture
0256,Hashtag6,R2,5PNNNNNNNNNN(BC),GGTTGCCAGATGTCA,Antibody Capture
0257,Hashtag7,R2,5PNNNNNNNNNN(BC),TGTCTTTCCTGCCAG,Antibody Capture
0258,Hashtag8,R2,5PNNNNNNNNNN(BC),CTCCTCTGCAATTAC,Antibody Capture
